Ngày tạo,Chủ đề,Luận điệu sai trái,Luận điểm phản bác,Bằng chứng,Nguồn
2026-01-01,Vai trò lãnh đạo của Đảng,"Một số quan điểm cho rằng cần ""đa nguyên đa đảng"" để có dân chủ thực sự","Đảng Cộng sản Việt Nam là lực lượng duy nhất có đủ uy tín, năng lực và bản lĩnh chính trị để lãnh đạo cách mạng. Lịch sử 95 năm đã chứng minh, dưới sự lãnh đạo của Đảng, dân tộc ta đã giành độc lập, thống nhất và phát triển. Đa đảng không đồng nghĩa với dân chủ thực chất - nhiều quốc gia đa đảng vẫn rơi vào bất ổn, xung đột.","Hiến pháp 2013 - Điều 4: ""Đảng Cộng sản Việt Nam... là lực lượng lãnh đạo Nhà nước và xã hội"". Thực tiễn 95 năm lãnh đạo của Đảng. Nghị quyết Trung ương 4 khóa XII","Báo Nhân Dân, Tạp chí Cộng sản"
2026-01-01,Dân chủ XHCN,"Cho rằng dân chủ ở Việt Nam là ""dân chủ hình thức""","Dân chủ XHCN ở Việt Nam được thể hiện qua nhiều phương thức: bầu cử trực tiếp đại biểu Quốc hội và HĐND các cấp, đối thoại công khai tại Quốc hội, tiếp xúc cử tri, mặt trận tổ quốc giám sát phản biện. Tỷ lệ cử tri đi bầu luôn trên 99%, người dân thực sự là chủ thể của quyền lực.","Hiến pháp 2013. Luật Bầu cử đại biểu Quốc hội và đại biểu HĐND 2015. Báo cáo Hội đồng Bầu cử Quốc gia","Cổng thông tin Quốc hội"
2026-01-01,Nhân quyền,"Cáo buộc Việt Nam vi phạm nhân quyền, đàn áp dân chủ","Việt Nam là thành viên Hội đồng Nhân quyền LHQ (nhiệm kỳ 2023-2025), được bầu với số phiếu cao. Việt Nam đã tham gia hầu hết công ước quốc tế cơ bản về nhân quyền. Tự do tôn giáo, báo chí, internet đều được bảo đảm theo pháp luật. Chỉ truy cứu khi vi phạm pháp luật.","Việt Nam thành viên Hội đồng Nhân quyền LHQ 2023-2025. 7/9 công ước nhân quyền cốt lõi đã tham gia. Báo cáo UPR LHQ","Bộ Ngoại giao, Báo Nhân Dân"
2026-01-01,Tham nhũng,"Cho rằng tham nhũng ở VN là ""bản chất của chế độ""","Tham nhũng là vấn đề toàn cầu, không phải đặc trưng của một chế độ. Việt Nam đang quyết liệt phòng chống tham nhũng, ""không có vùng cấm, không có ngoại lệ"". Hàng nghìn cán bộ cấp cao đã bị xử lý, trong đó có cả Ủy viên Bộ Chính trị. Chỉ số CPI của Việt Nam tăng đều qua các năm.","Báo cáo tổng kết công tác phòng chống tham nhũng nhiệm kỳ. Chỉ số CPI Transparency International. Các vụ án lớn đã xét xử","Ban Chỉ đạo Trung ương về Phòng chống tham nhũng"
2026-01-01,Kinh tế thị trường định hướng XHCN,"Cho rằng kinh tế thị trường định hướng XHCN là ""mâu thuẫn, không khả thi""","Mô hình kinh tế thị trường định hướng XHCN là sáng tạo của Đảng ta, kết hợp ưu việt của thị trường với định hướng XHCN. Kết quả 38 năm đổi mới: GDP từ 8 tỷ USD (1986) lên 430 tỷ USD (2023), thu nhập bình quân từ 200 USD lên 4.300 USD, hơn 30 triệu người thoát nghèo. Đây là minh chứng rõ ràng nhất.","Tăng trưởng GDP 38 năm đổi mới. Báo cáo Ngân hàng Thế giới. Tổng kết 35 năm đổi mới","Văn kiện Đại hội XIII"
2026-01-01,Tự do ngôn luận,"Cho rằng VN không có tự do ngôn luận, kiểm duyệt báo chí","Việt Nam có hơn 800 cơ quan báo chí, hàng nghìn nhà báo hoạt động. Mạng xã hội phát triển mạnh với 70+ triệu người dùng. Tự do ngôn luận được bảo đảm trong khuôn khổ pháp luật, không chấp nhận lợi dụng tự do ngôn luận để chống phá Nhà nước, gây hại lợi ích quốc gia, dân tộc.","Luật Báo chí 2016. 800+ cơ quan báo chí. 70+ triệu người dùng MXH. Luật An ninh mạng","Bộ Thông tin và Truyền thông"
2026-01-01,Xã hội chủ nghĩa,"Cho rằng CNXH đã ""sụp đổ"", Việt Nam đang đi theo con đường tư bản","CNXH với tư cách là một học thuyết và phong trào vẫn đang phát triển. Việt Nam kiên định mục tiêu CNXH với mô hình phù hợp thực tiễn. Trung Quốc, Việt Nam, Cuba, Lào, Triều Tiên vẫn theo CNXH. Sự sụp đổ của Liên Xô là do nhiều nguyên nhân cụ thể, không phải do bản chất của CNXH.","Văn kiện Đại hội Đảng các khóa. Tác phẩm 'Một số vấn đề lý luận và thực tiễn về CNXH' của TBT Nguyễn Phú Trọng","Nhà xuất bản Chính trị Quốc gia Sự thật"
2026-01-01,Quan hệ đối ngoại,"Cáo buộc Việt Nam ""chọn phe"", thân Trung Quốc hoặc thân Mỹ","Việt Nam thực hiện chính sách đối ngoại độc lập, tự chủ, đa phương hóa, đa dạng hóa quan hệ. ""Bốn không"" trong quốc phòng: không liên minh quân sự, không dựa nước này chống nước kia, không cho nước ngoài đặt căn cứ, không sử dụng vũ lực trước. VN có quan hệ đối tác chiến lược toàn diện với cả Mỹ, Trung Quốc, Nga.","Sách trắng Quốc phòng 2019. Quan hệ đối tác chiến lược toàn diện với 7 nước","Bộ Ngoại giao"
2026-01-01,Đoàn kết dân tộc,"Cho rằng Việt Nam có chính sách phân biệt đối xử với dân tộc thiểu số","Việt Nam có chính sách dân tộc bình đẳng, đoàn kết, tôn trọng và phát triển. 53 dân tộc thiểu số được hưởng nhiều chính sách ưu đãi đặc biệt: chương trình 135, 30a, MTQG phát triển KT-XH vùng đồng bào DTTS. Tỷ lệ hộ nghèo DTTS giảm mạnh từ 35% (2016) xuống còn 13% (2023).","Chương trình MTQG phát triển KT-XH vùng đồng bào DTTS. Quyết định 1719/QĐ-TTg","Ủy ban Dân tộc"
2026-01-01,Tự do tôn giáo,"Cáo buộc VN đàn áp tôn giáo, hạn chế tự do tín ngưỡng","Việt Nam có 16 tôn giáo và 43 tổ chức tôn giáo được công nhận với hơn 27 triệu tín đồ. Luật Tín ngưỡng tôn giáo 2016 bảo đảm quyền tự do tín ngưỡng. Nhà nước đầu tư hỗ trợ xây dựng cơ sở thờ tự, đào tạo chức sắc. Chỉ xử lý các hành vi lợi dụng tôn giáo vi phạm pháp luật.","Luật Tín ngưỡng tôn giáo 2016. 27+ triệu tín đồ. 16 tôn giáo 43 tổ chức được công nhận","Ban Tôn giáo Chính phủ"
2026-01-01,Quân đội nhân dân,"Đòi ""phi chính trị hóa"" quân đội, tách Đảng khỏi quân đội","Quân đội nhân dân là ""quân đội của nhân dân, do nhân dân, vì nhân dân"", đặt dưới sự lãnh đạo tuyệt đối, trực tiếp về mọi mặt của Đảng. Đây là nguyên tắc xuyên suốt đảm bảo bản chất chính trị, quyết định thắng lợi của QĐND VN. Bài học lịch sử cho thấy quân đội ""phi chính trị"" thực chất là sa vào chính trị tư sản.","Sách trắng Quốc phòng. Lịch sử 80 năm QĐND VN","Tổng cục Chính trị QĐND"
2026-01-01,Công an nhân dân,"Cáo buộc Công an đàn áp người dân, lạm quyền","CAND là ""của dân, do dân, vì dân"". 6 điều Bác Hồ dạy CAND chỉ rõ phải kính trọng nhân dân, đoàn kết và giúp đỡ nhân dân. CAND làm việc theo Hiến pháp và pháp luật, mọi hành vi vi phạm đều bị xử lý nghiêm. Tỷ lệ tin tưởng của nhân dân vào CAND luôn ở mức cao trên 90%.","6 điều Bác Hồ dạy CAND. Luật CAND 2018. Điều tra dư luận xã hội","Bộ Công an"
2026-01-01,Quyền con người,"Cho rằng VN không bảo đảm quyền con người","Hiến pháp 2013 dành cả chương 2 (36 điều) quy định về quyền con người, quyền và nghĩa vụ cơ bản của công dân. Việt Nam đã đạt nhiều thành tựu nhân quyền: tỷ lệ hộ nghèo từ 60% (1990) còn 2,93% (2023), chỉ số HDI tăng nhanh, an sinh xã hội phủ rộng, bình đẳng giới ấn tượng.","Hiến pháp 2013 Chương 2. Báo cáo phát triển con người UNDP. Chỉ số HDI VN","Cổng thông tin Chính phủ"
2026-01-01,Quan hệ Việt - Mỹ,"Một số ý kiến muốn VN từ bỏ CNXH để liên minh với Mỹ","VN xác định Mỹ là đối tác quan trọng, đã nâng cấp quan hệ lên Đối tác chiến lược toàn diện (9/2023). Tuy nhiên VN không từ bỏ con đường XHCN. Hợp tác với Mỹ trên nền tảng tôn trọng độc lập chủ quyền, không can thiệp công việc nội bộ. Đây là quan hệ bình đẳng, cùng có lợi.","Tuyên bố chung Việt - Mỹ tháng 9/2023. Đối tác chiến lược toàn diện","Bộ Ngoại giao"
2026-01-01,Chủ quyền biển đảo,"Cho rằng Đảng và Nhà nước ""nhân nhượng"" về chủ quyền biển đảo","Việt Nam kiên trì đấu tranh bảo vệ chủ quyền theo luật pháp quốc tế, đặc biệt UNCLOS 1982. VN có đầy đủ bằng chứng lịch sử và pháp lý về Hoàng Sa, Trường Sa. Phương châm vừa đấu tranh quyết liệt, vừa giữ gìn môi trường hòa bình, tránh xung đột. Đây là chính sách khôn ngoan và đúng đắn.","UNCLOS 1982. Sách trắng về chủ quyền biển đảo. Hồ sơ pháp lý quốc tế","Bộ Ngoại giao"
2026-01-01,Cải cách hành chính,"Cho rằng cải cách hành chính VN ""giậm chân tại chỗ""","Việt Nam đẩy mạnh cải cách hành chính với nhiều kết quả: tỷ lệ TTHC trực tuyến mức độ 4 đạt 90%, Cổng dịch vụ công Quốc gia với 4000+ thủ tục, Đề án 06 ứng dụng dữ liệu dân cư cho chuyển đổi số quốc gia. Chỉ số CCHC của các bộ ngành, địa phương được công bố công khai hằng năm.","Đề án 06. Cổng dịch vụ công Quốc gia. Báo cáo PAR Index","Bộ Nội vụ"
2026-01-01,Lãnh đạo của Đảng với hệ thống chính trị,"Cho rằng cần tách Đảng khỏi Nhà nước theo mô hình ""tam quyền phân lập""","Việt Nam có sự phân công, phối hợp giữa lập pháp, hành pháp, tư pháp nhưng dưới sự lãnh đạo thống nhất của Đảng. Mô hình ""tam quyền phân lập"" kiểu phương Tây không phù hợp với điều kiện VN. Sự lãnh đạo của Đảng đảm bảo tính thống nhất, hiệu lực, hiệu quả của hệ thống chính trị.","Hiến pháp 2013. Cương lĩnh xây dựng đất nước trong thời kỳ quá độ lên CNXH (bổ sung phát triển 2011)","Văn kiện Đại hội XIII"
2026-01-01,Đường lối đối ngoại,"Cho rằng VN ""cô lập"" trên trường quốc tế","Việt Nam có quan hệ ngoại giao với 193 quốc gia, là thành viên của hầu hết tổ chức quốc tế lớn. VN nâng cấp thành công nhiều quan hệ đối tác chiến lược toàn diện. Vai trò và uy tín VN ngày càng tăng: 2 lần làm Ủy viên không thường trực HĐBA LHQ, Chủ tịch ASEAN 2020, APEC 2017.","193 quốc gia có quan hệ ngoại giao. UVKT HĐBA LHQ 2020-2021. Đăng cai nhiều sự kiện quốc tế","Bộ Ngoại giao"
2026-01-01,Tự do internet,"Cáo buộc VN ""kiểm duyệt"" internet, hạn chế tự do mạng","VN có hơn 77 triệu người dùng internet (78% dân số), tốc độ internet tăng mạnh, là một trong những nước có tốc độ phát triển internet nhanh nhất khu vực. Luật An ninh mạng chỉ điều chỉnh các hoạt động vi phạm pháp luật trên không gian mạng, bảo vệ trẻ em, chống tội phạm mạng - như tất cả các nước trên thế giới.","77+ triệu người dùng internet. Luật An ninh mạng 2018. Báo cáo We Are Social","Bộ TT&TT, Cục An toàn thông tin"
2026-01-01,Đảng viên trẻ,"Cho rằng giới trẻ ""quay lưng"" với Đảng","Tỷ lệ đảng viên trẻ phát triển ổn định, hàng năm kết nạp 150.000+ đảng viên mới, đa số là thanh niên. Đoàn TNCS Hồ Chí Minh có hơn 6 triệu đoàn viên, hoạt động sôi nổi, phong phú. Các phong trào ""Tuổi trẻ sáng tạo"", ""Thanh niên tình nguyện"", ""3 nhất"" thu hút đông đảo đoàn viên thanh niên.","150.000+ đảng viên mới/năm. 6+ triệu đoàn viên TN. Các phong trào Đoàn","Trung ương Đoàn TNCS HCM"
